{
    "albums": [
        {
            "title": "Nevermind",
            "artist": "Nirvana",
            "year": 1991,
            "cover": "https://upload.wikimedia.org/wikipedia/en/b/b7/NirvanaNevermindalbumcover.jpg",
            "songs": [
                {
                    "title": "Smells Like Teen Spirit",
                    "youtube": "https://www.youtube.com/watch?v=hTWKbfoikeg"
                },
                {
                    "title": "Come As You Are",
                    "youtube": "https://www.youtube.com/watch?v=vabnZ9-ex7o"
                },
                {
                    "title": "Lithium",
                    "youtube": "https://www.youtube.com/watch?v=pkcJEvMcnEg"
                },
                {
                    "title": "In Bloom",
                    "youtube": "https://www.youtube.com/watch?v=PbgKEjNBHqM"
                },
                {
                    "title": "Breed",
                    "youtube": "https://www.youtube.com/watch?v=J6EDW5WFb2M"
                },
                {
                    "title": "Polly",
                    "youtube": "https://www.youtube.com/watch?v=DrlaVYKWeLU"
                },
                {
                    "title": "Territorial Pissings",
                    "youtube": "https://www.youtube.com/watch?v=9yNPgx0swCM"
                },
                {
                    "title": "Drain You",
                    "youtube": "https://www.youtube.com/watch?v=AJUpHxlJUNQ"
                },
                {
                    "title": "Lounge Act",
                    "youtube": "https://www.youtube.com/watch?v=dZqpol8Yrq8"
                },
                {
                    "title": "Stay Away",
                    "youtube": "https://www.youtube.com/watch?v=vnHm-u4IYuo"
                },
                {
                    "title": "On a Plain",
                    "youtube": "https://www.youtube.com/watch?v=c023U4oQGr4"
                },
                {
                    "title": "Something in the Way",
                    "youtube": "https://www.youtube.com/watch?v=4VxdufqB9zg"
                },
                {
                    "title": "Endless, Nameless",
                    "youtube": "https://www.youtube.com/watch?v=uj1PagCfejs"
                }
            ]
        },
        {
            "title": "Ten",
            "artist": "Pearl Jam",
            "year": 1991,
            "cover": "https://upload.wikimedia.org/wikipedia/en/2/2d/PearlJam-Ten2.jpg",
            "songs": [
                {
                    "title": "Alive",
                    "youtube": "https://www.youtube.com/watch?v=qM0zINtulhM"
                },
                {
                    "title": "Even Flow",
                    "youtube": "https://www.youtube.com/watch?v=CxKWTzr-k6s"
                },
                {
                    "title": "Black",
                    "youtube": "https://www.youtube.com/watch?v=IpwHB2U3J1s"
                },
                {
                    "title": "Jeremy",
                    "youtube": "https://www.youtube.com/watch?v=MS91knuzoOA"
                },
                {
                    "title": "Once",
                    "youtube": "https://www.youtube.com/watch?v=7z7_NCc_gZY"
                },
                {
                    "title": "Oceans",
                    "youtube": "https://www.youtube.com/watch?v=4WOk7UNAvOw"
                },
                {
                    "title": "Garden",
                    "youtube": "https://www.youtube.com/watch?v=qXfkr65JmjQ"
                },
                {
                    "title": "Why Go",
                    "youtube": "https://www.youtube.com/watch?v=5QtvpucmEWA"
                },
                {
                    "title": "Deep",
                    "youtube": "https://www.youtube.com/watch?v=udIHm_b7-yw"
                },
                {
                    "title": "Release",
                    "youtube": "https://www.youtube.com/watch?v=LLjFoIOyCfw"
                }
            ]
        },
        {
            "title": "Superunknown",
            "artist": "Soundgarden",
            "year": 1994,
            "cover": "https://upload.wikimedia.org/wikipedia/en/3/3a/Superunknown.jpg",
            "songs": [
                {
                    "title": "Black Hole Sun",
                    "youtube": "https://www.youtube.com/watch?v=3mbBbFH9fAg"
                },
                {
                    "title": "Spoonman",
                    "youtube": "https://www.youtube.com/watch?v=T0_zzCLLRvE"
                },
                {
                    "title": "Fell on Black Days",
                    "youtube": "https://www.youtube.com/watch?v=ySzrJ4GRF7s"
                },
                {
                    "title": "The Day I Tried to Live",
                    "youtube": "https://www.youtube.com/watch?v=iUhoOQdNAKQ"
                },
                {
                    "title": "My Wave",
                    "youtube": "https://www.youtube.com/watch?v=-s8qPp8S0rM"
                },
                {
                    "title": "Head Down",
                    "youtube": "https://www.youtube.com/watch?v=k0sjxJCe2bA"
                },
                {
                    "title": "Limo Wreck",
                    "youtube": "https://www.youtube.com/watch?v=2InL5c_vZSY"
                },
                {
                    "title": "4th of July",
                    "youtube": "https://www.youtube.com/watch?v=VCZFuQmoJ3M"
                },
                {
                    "title": "Mailman",
                    "youtube": "https://www.youtube.com/watch?v=3KmLpdVR9Yw"
                },
                {
                    "title": "Fresh Tendrils",
                    "youtube": "https://www.youtube.com/watch?v=Uw6JcLJGbSU"
                },
                {
                    "title": "Kickstand",
                    "youtube": "https://www.youtube.com/watch?v=6faxkdj9pMk"
                },
                {
                    "title": "Like Suicide",
                    "youtube": "https://www.youtube.com/watch?v=2MIr85gz3-4"
                }
            ]
        },
        {
            "title": "Dirt",
            "artist": "Alice in Chains",
            "year": 1992,
            "cover": "https://upload.wikimedia.org/wikipedia/en/f/f9/Dirt_%28Alice_in_Chains_album_-_cover_art%29.jpg",
            "songs": [
                {
                    "title": "Would?",
                    "youtube": "https://www.youtube.com/watch?v=Nco_kh8xJDs"
                },
                {
                    "title": "Rooster",
                    "youtube": "https://www.youtube.com/watch?v=uAE6Il6OTcs"
                },
                {
                    "title": "Down in a Hole",
                    "youtube": "https://www.youtube.com/watch?v=f8hT3oDDf6c"
                },
                {
                    "title": "Them Bones",
                    "youtube": "https://www.youtube.com/watch?v=MNMqyrhPrXY"
                },
                {
                    "title": "Dam That River",
                    "youtube": "https://www.youtube.com/watch?v=Vtpgj9CQvJo"
                },
                {
                    "title": "Rain When I Die",
                    "youtube": "https://www.youtube.com/watch?v=IPTHlmhtg8s"
                },
                {
                    "title": "Sickman",
                    "youtube": "https://www.youtube.com/watch?v=fXGS7nrOduw"
                },
                {
                    "title": "Junkhead",
                    "youtube": "https://www.youtube.com/watch?v=3U7REVIJacM"
                },
                {
                    "title": "Dirt",
                    "youtube": "https://www.youtube.com/watch?v=olNNVEYiP20"
                },
                {
                    "title": "God Smack",
                    "youtube": "https://www.youtube.com/watch?v=ugT4QtlqWNs"
                },
                {
                    "title": "Hate to Feel",
                    "youtube": "https://www.youtube.com/watch?v=wsYlhY9usDc"
                },
                {
                    "title": "Angry Chair",
                    "youtube": "https://www.youtube.com/watch?v=m86yPzOq5-I"
                }
            ]
        },
        {
            "title": "Core",
            "artist": "Stone Temple Pilots",
            "year": 1992,
            "cover": "https://upload.wikimedia.org/wikipedia/en/1/19/Stonetemplepilotscore.jpeg",
            "songs": [
                {
                    "title": "Plush",
                    "youtube": "https://www.youtube.com/watch?v=V5UOC0C0x8Q"
                },
                {
                    "title": "Sex Type Thing",
                    "youtube": "https://www.youtube.com/watch?v=8hhu-OyHqZM"
                },
                {
                    "title": "Wicked Garden",
                    "youtube": "https://www.youtube.com/watch?v=2oPeZFOpPAM"
                },
                {
                    "title": "Creep",
                    "youtube": "https://www.youtube.com/watch?v=sT1DdO3SISg"
                },
                {
                    "title": "Dead & Bloated",
                    "youtube": "https://www.youtube.com/watch?v=TWLJY0MeUpE"
                },
                {
                    "title": "Sin",
                    "youtube": "https://www.youtube.com/watch?v=5ZoB6uik_7c"
                },
                {
                    "title": "Naked Sunday",
                    "youtube": "https://www.youtube.com/watch?v=MIr8pzx0p-Y"
                },
                {
                    "title": "Crackerman",
                    "youtube": "https://www.youtube.com/watch?v=eio35RQFlDQ"
                },
                {
                    "title": "Where the River Goes",
                    "youtube": "https://www.youtube.com/watch?v=Av-O2KGmx-g"
                },
                {
                    "title": "Piece of Pie",
                    "youtube": "https://www.youtube.com/watch?v=tHfZw4EMXMc"
                },
                {
                    "title": "Wet My Bed",
                    "youtube": "https://www.youtube.com/watch?v=Pj9N74eDbXk"
                },
                {
                    "title": "No Memory",
                    "youtube": "https://www.youtube.com/watch?v=yBKIk97g-G4"
                }
            ]
        },
        {
            "title": "Temple of the Dog",
            "artist": "Temple of the Dog",
            "year": 1991,
            "cover": "https://upload.wikimedia.org/wikipedia/en/6/69/TempleOfTheDog.jpg",
            "songs": [
                {
                    "title": "Hunger Strike",
                    "youtube": "https://www.youtube.com/watch?v=VUb450Alpps"
                },
                {
                    "title": "Say Hello 2 Heaven",
                    "youtube": "https://www.youtube.com/watch?v=5QaPVSbWd9M"
                },
                {
                    "title": "Call Me a Dog",
                    "youtube": "https://www.youtube.com/watch?v=i7dvT047kjo"
                },
                {
                    "title": "All Night Thing",
                    "youtube": "https://www.youtube.com/watch?v=GDjCf2f60QU"
                },
                {
                    "title": "Times of Trouble",
                    "youtube": "https://www.youtube.com/watch?v=ZcL3M6B-WR4"
                },
                {
                    "title": "Wooden Jesus",
                    "youtube": "https://www.youtube.com/watch?v=Jdvwzra8LDU"
                },
                {
                    "title": "Your Saviour",
                    "youtube": "https://www.youtube.com/watch?v=a2IT2loNK1I"
                },
                {
                    "title": "Four Walled World",
                    "youtube": "https://www.youtube.com/watch?v=pUbl2pt11og"
                },
                {
                    "title": "Reach Down",
                    "youtube": "https://www.youtube.com/watch?v=8zM24gstq80"
                },
                {
                    "title": "Pushin Forward Back",
                    "youtube": "https://www.youtube.com/watch?v=pWBZnYgZgCg"
                }
            ]
        }
    ]
}